tract_id,precount_positive,all_positive,median_hhold_inc,median_age,week_19,count_19,week_20,count_20
53033000100,20,217,55143.0,34.9,2019/4/29,138,2020/4/27,50
53033000200,35,191,77463.0,38.1,2019/4/29,89,2020/4/27,33
53033000300,9,67,100917.0,36.4,2019/4/29,40,2020/4/27,24
53033000401,25,135,32877.0,46.2,2019/4/29,69,2020/4/27,32
53033000402,20,126,72150.0,44.0,2019/4/29,64,2020/4/27,17
53033000500,4,47,148906.0,51.9,2019/4/29,46,2020/4/27,26
53033000600,36,324,77269.0,36.9,2019/4/29,83,2020/4/27,36
53033000700,14,116,64310.0,34.5,2019/4/29,94,2020/4/27,16
53033000800,3,47,102500.0,41.5,2019/4/29,22,2020/4/27,8
53033000900,3,41,147750.0,52.2,2019/4/29,26,2020/4/27,13
53033001000,4,32,110956.0,38.8,2019/4/29,32,2020/4/27,4
53033001100,4,37,95573.0,42.1,2019/4/29,24,2020/4/27,9
53033001200,21,168,51807.0,34.7,2019/4/29,108,2020/4/27,46
53033001300,14,102,72850.0,35.6,2019/4/29,45,2020/4/27,32
53033001400,13,80,93948.0,35.2,2019/4/29,66,2020/4/27,20
53033001500,2,56,128059.0,45.1,2019/4/29,49,2020/4/27,20
53033001600,11,68,143125.0,42.4,2019/4/29,40,2020/4/27,8
53033001701,10,77,75162.0,33.5,2019/4/29,34,2020/4/27,6
53033001702,25,134,93679.0,37.4,2019/4/29,32,2020/4/27,24
53033001800,12,104,95993.0,32.8,2019/4/29,33,2020/4/27,16
53033001900,3,78,89448.0,34.1,2019/4/29,23,2020/4/27,8
53033002000,5,39,121184.0,38.3,2019/4/29,28,2020/4/27,12
53033002100,2,57,113750.0,36.1,2019/4/29,54,2020/4/27,12
53033002200,4,56,134554.0,42.0,2019/4/29,118,2020/4/27,20
53033002400,4,25,126944.0,40.9,2019/4/29,39,2020/4/27,16
53033002500,9,34,121635.0,37.9,2019/4/29,56,2020/4/27,16
53033002600,8,69,114219.0,35.6,2019/4/29,78,2020/4/27,35
53033002700,11,73,145500.0,35.4,2019/4/29,48,2020/4/27,20
53033002800,10,61,137127.0,36.9,2019/4/29,55,2020/4/27,16
53033002900,12,57,112969.0,39.8,2019/4/29,63,2020/4/27,17
53033003000,8,57,105581.0,38.1,2019/4/29,105,2020/4/27,24
53033003100,10,86,127787.0,41.5,2019/4/29,82,2020/4/27,28
53033003200,23,101,95182.0,36.8,2019/4/29,72,2020/4/27,16
53033003300,6,80,127665.0,34.9,2019/4/29,91,2020/4/27,31
53033003400,2,48,112650.0,36.3,2019/4/29,20,2020/4/27,8
53033003500,3,31,105625.0,39.5,2019/4/29,28,2020/4/27,14
53033003600,24,149,83739.0,31.8,2019/4/29,39,2020/4/27,30
53033003800,10,25,124286.0,34.9,2019/4/29,40,2020/4/27,8
53033003900,4,37,111806.0,41.5,2019/4/29,36,2020/4/27,20
53033004000,14,51,85707.0,37.2,2019/4/29,75,2020/4/27,30
53033004100,8,101,178935.0,39.1,2019/4/29,104,2020/4/27,40
53033004200,16,87,128966.0,41.7,2019/4/29,126,2020/4/27,28
53033004301,10,49,95764.0,29.9,2019/4/29,46,2020/4/27,21
53033004400,7,144,64026.0,25.1,2019/4/29,120,2020/4/27,28
53033004500,5,50,113669.0,28.7,2019/4/29,29,2020/4/27,12
53033004600,4,34,136528.0,37.7,2019/4/29,126,2020/4/27,17
53033004700,24,163,96745.0,34.0,2019/4/29,106,2020/4/27,24
53033004800,8,49,121492.0,33.7,2019/4/29,40,2020/4/27,8
53033004900,18,94,101203.0,30.6,2019/4/29,54,2020/4/27,16
53033005000,9,70,98698.0,30.2,2019/4/29,36,2020/4/27,12
53033005100,8,53,119625.0,38.3,2019/4/29,50,2020/4/27,16
53033005200,15,85,47883.0,24.5,2019/4/29,176,2020/4/27,29
53033005301,9,345,26413.0,21.9,2019/4/29,101,2020/4/27,14
53033005302,2,53,17188.0,19.4,2019/4/29,186,2020/4/27,8
53033005400,9,84,110956.0,31.8,2019/4/29,63,2020/4/27,16
53033005600,3,97,167622.0,47.2,2019/4/29,119,2020/4/27,45
53033005700,6,61,118750.0,41.2,2019/4/29,93,2020/4/27,61
53033005801,5,85,98281.0,33.6,2019/4/29,83,2020/4/27,44
53033005802,8,86,77424.0,33.7,2019/4/29,96,2020/4/27,8
53033005900,5,83,115129.0,28.0,2019/4/29,65,2020/4/27,33
53033006000,23,131,114907.0,34.0,2019/4/29,69,2020/4/27,42
53033006100,16,100,115586.0,35.4,2019/4/29,28,2020/4/27,12
53033006200,8,73,208636.0,41.1,2019/4/29,83,2020/4/27,19
53033006300,18,85,129609.0,45.4,2019/4/29,80,2020/4/27,13
53033006400,6,38,166125.0,36.5,2019/4/29,28,2020/4/27,12
53033006500,4,66,101847.0,37.7,2019/4/29,49,2020/4/27,8
53033006600,5,81,114561.0,30.1,2019/4/29,36,2020/4/27,13
53033006700,30,188,118590.0,30.3,2019/4/29,112,2020/4/27,40
53033006800,0,34,128664.0,37.2,2019/4/29,57,2020/4/27,4
53033006900,5,39,130524.0,38.4,2019/4/29,100,2020/4/27,8
53033007000,8,106,69375.0,35.9,2019/4/29,57,2020/4/27,45
53033007100,6,112,86810.0,31.4,2019/4/29,77,2020/4/27,4
53033007200,14,183,117908.0,30.6,2019/4/29,100,2020/4/27,33
53033007300,41,220,92656.0,32.4,2019/4/29,73,2020/4/27,4
53033007401,16,89,78632.0,32.7,2019/4/29,105,2020/4/27,9
53033007402,10,79,53312.0,30.7,2019/4/29,42,2020/4/27,16
53033007500,21,162,67860.0,31.2,2019/4/29,103,2020/4/27,25
53033007600,8,64,88525.0,33.5,2019/4/29,46,2020/4/27,16
53033007700,11,88,107736.0,34.4,2019/4/29,83,2020/4/27,20
53033007800,10,63,190804.0,42.3,2019/4/29,41,2020/4/27,55
53033007900,19,121,81834.0,33.4,2019/4/29,91,2020/4/27,37
53033008001,9,133,127607.0,35.2,2019/4/29,91,2020/4/27,8
53033008002,4,75,72155.0,39.2,2019/4/29,23,2020/4/27,12
53033008100,32,206,82892.0,43.2,2019/4/29,105,2020/4/27,18
53033008200,16,98,94039.0,35.0,2019/4/29,73,2020/4/27,20
53033008300,8,70,68239.0,36.8,2019/4/29,64,2020/4/27,4
53033008400,6,103,69409.0,31.8,2019/4/29,51,2020/4/27,8
53033008500,20,170,62933.0,37.4,2019/4/29,91,2020/4/27,12
53033008600,22,155,60349.0,23.8,2019/4/29,81,2020/4/27,21
53033008700,9,111,96630.0,32.3,2019/4/29,74,2020/4/27,8
53033008800,8,45,134107.0,34.3,2019/4/29,27,2020/4/27,8
53033008900,8,111,110313.0,36.9,2019/4/29,42,2020/4/27,32
53033009000,22,169,43406.0,37.9,2019/4/29,49,2020/4/27,54
53033009100,9,53,40938.0,48.6,2019/4/29,47,2020/4/27,12
53033009200,41,188,20573.0,45.3,2019/4/29,24,2020/4/27,33
53033009300,19,169,92347.0,39.4,2019/4/29,46,2020/4/27,24
53033009400,35,189,73642.0,35.3,2019/4/29,82,2020/4/27,28
53033009500,16,148,104028.0,41.9,2019/4/29,110,2020/4/27,29
53033009600,5,143,132889.0,49.1,2019/4/29,74,2020/4/27,21
53033009701,5,111,126623.0,45.6,2019/4/29,82,2020/4/27,47
53033009702,11,106,127727.0,41.7,2019/4/29,79,2020/4/27,27
53033009800,10,108,118429.0,40.6,2019/4/29,82,2020/4/27,26
53033009900,8,109,90024.0,39.6,2019/4/29,74,2020/4/27,24
53033010001,22,158,58310.0,35.2,2019/4/29,33,2020/4/27,4
53033010002,11,129,73180.0,37.2,2019/4/29,47,2020/4/27,12
53033010100,73,414,100890.0,36.7,2019/4/29,102,2020/4/27,28
53033010200,15,111,114224.0,42.9,2019/4/29,32,2020/4/27,16
53033010300,31,228,89500.0,35.1,2019/4/29,49,2020/4/27,12
53033010401,7,124,85227.0,44.3,2019/4/29,23,2020/4/27,34
53033010402,22,138,91429.0,37.8,2019/4/29,23,2020/4/27,24
53033010500,31,190,97196.0,39.7,2019/4/29,91,2020/4/27,20
53033010600,12,122,109058.0,42.4,2019/4/29,85,2020/4/27,40
53033010701,11,111,72500.0,34.3,2019/4/29,16,2020/4/27,12
53033010702,34,155,46792.0,30.6,2019/4/29,40,2020/4/27,20
53033010800,12,158,92692.0,37.7,2019/4/29,85,2020/4/27,12
53033010900,9,43,64034.0,43.0,2019/4/29,103,2020/4/27,12
53033011001,14,215,37188.0,37.6,2019/4/29,35,2020/4/27,21
53033011002,9,198,48250.0,34.9,2019/4/29,44,2020/4/27,12
53033011101,22,251,55170.0,36.8,2019/4/29,81,2020/4/27,13
53033011102,22,217,97099.0,36.1,2019/4/29,48,2020/4/27,24
53033011200,16,171,53807.0,37.8,2019/4/29,87,2020/4/27,46
53033011300,37,258,56402.0,39.5,2019/4/29,91,2020/4/27,26
53033011401,10,144,78806.0,34.1,2019/4/29,43,2020/4/27,16
53033011402,18,199,54151.0,37.1,2019/4/29,56,2020/4/27,22
53033011500,7,72,111528.0,39.7,2019/4/29,40,2020/4/27,20
53033011600,7,131,118599.0,45.7,2019/4/29,95,2020/4/27,28
53033011700,35,229,82869.0,43.5,2019/4/29,44,2020/4/27,16
53033011800,41,354,62782.0,37.8,2019/4/29,104,2020/4/27,24
53033011900,28,260,101028.0,41.1,2019/4/29,78,2020/4/27,15
53033012000,6,75,110192.0,40.2,2019/4/29,44,2020/4/27,18
53033012100,7,64,127955.0,48.2,2019/4/29,36,2020/4/27,12
53033020100,40,102,115341.0,52.0,2019/4/29,59,2020/4/27,25
53033020200,47,147,93542.0,47.4,2019/4/29,68,2020/4/27,33
53033020300,30,229,76352.0,37.0,2019/4/29,75,2020/4/27,47
53033020401,20,97,71184.0,39.3,2019/4/29,36,2020/4/27,28
53033020402,10,92,104144.0,37.7,2019/4/29,68,2020/4/27,28
53033020500,35,212,80517.0,40.0,2019/4/29,97,2020/4/27,54
53033020600,15,67,86991.0,41.9,2019/4/29,52,2020/4/27,28
53033020700,14,101,82367.0,39.4,2019/4/29,46,2020/4/27,18
53033020800,11,94,116563.0,48.9,2019/4/29,60,2020/4/27,21
53033020900,6,70,103690.0,43.6,2019/4/29,54,2020/4/27,8
53033021000,21,148,98083.0,41.4,2019/4/29,140,2020/4/27,47
53033021100,63,184,84155.0,38.3,2019/4/29,93,2020/4/27,39
53033021300,9,83,85165.0,44.9,2019/4/29,48,2020/4/27,20
53033021400,14,64,132292.0,44.3,2019/4/29,84,2020/4/27,24
53033021500,6,56,137321.0,46.0,2019/4/29,69,2020/4/27,20
53033021600,18,78,124115.0,41.9,2019/4/29,68,2020/4/27,38
53033021700,40,224,86875.0,36.7,2019/4/29,173,2020/4/27,52
53033021802,11,113,90577.0,32.8,2019/4/29,60,2020/4/27,20
53033021803,15,90,91780.0,40.6,2019/4/29,77,2020/4/27,12
53033021804,15,122,85804.0,35.3,2019/4/29,60,2020/4/27,16
53033021903,24,134,83938.0,38.3,2019/4/29,83,2020/4/27,47
53033021904,22,109,108421.0,37.1,2019/4/29,82,2020/4/27,24
53033021905,18,112,98815.0,36.2,2019/4/29,71,2020/4/27,42
53033021906,16,80,104722.0,37.1,2019/4/29,74,2020/4/27,48
53033022001,12,102,102143.0,43.8,2019/4/29,103,2020/4/27,37
53033022003,17,97,117895.0,36.4,2019/4/29,144,2020/4/27,46
53033022005,15,100,96238.0,32.3,2019/4/29,76,2020/4/27,30
53033022006,100,166,87969.0,41.7,2019/4/29,80,2020/4/27,44
53033022101,15,77,132891.0,41.9,2019/4/29,123,2020/4/27,53
53033022102,10,76,131169.0,39.6,2019/4/29,103,2020/4/27,44
53033022201,13,67,112273.0,37.9,2019/4/29,96,2020/4/27,35
53033022202,20,139,105543.0,35.7,2019/4/29,118,2020/4/27,59
53033022203,15,91,146111.0,41.6,2019/4/29,188,2020/4/27,63
53033022300,3,40,178447.0,48.8,2019/4/29,80,2020/4/27,31
53033022400,10,136,142279.0,39.0,2019/4/29,257,2020/4/27,143
53033022500,13,173,129235.0,40.4,2019/4/29,171,2020/4/27,65
53033022603,18,95,120661.0,36.1,2019/4/29,116,2020/4/27,41
53033022604,14,74,139000.0,37.6,2019/4/29,134,2020/4/27,45
53033022605,16,90,110820.0,32.3,2019/4/29,56,2020/4/27,32
53033022606,26,73,107480.0,37.5,2019/4/29,139,2020/4/27,55
53033022701,2,44,140123.0,39.1,2019/4/29,47,2020/4/27,26
53033022702,7,48,146477.0,36.0,2019/4/29,106,2020/4/27,39
53033022703,5,48,131250.0,37.2,2019/4/29,41,2020/4/27,21
53033022801,9,125,96500.0,32.9,2019/4/29,135,2020/4/27,46
53033022802,5,60,143163.0,35.8,2019/4/29,128,2020/4/27,49
53033022803,17,82,125292.0,33.4,2019/4/29,131,2020/4/27,45
53033022901,5,44,149524.0,45.4,2019/4/29,53,2020/4/27,29
53033022902,21,82,154449.0,40.5,2019/4/29,146,2020/4/27,76
53033023000,28,126,140875.0,41.3,2019/4/29,198,2020/4/27,61
53033023100,3,61,139219.0,43.1,2019/4/29,182,2020/4/27,29
53033023201,14,142,96791.0,31.8,2019/4/29,489,2020/4/27,20
53033023202,38,158,61314.0,36.2,2019/4/29,63,2020/4/27,8
53033023300,23,166,109595.0,39.0,2019/4/29,111,2020/4/27,87
53033023401,17,124,95993.0,37.8,2019/4/29,88,2020/4/27,47
53033023403,5,44,131477.0,40.8,2019/4/29,108,2020/4/27,38
53033023404,5,57,152049.0,38.8,2019/4/29,89,2020/4/27,38
53033023500,4,55,129129.0,39.8,2019/4/29,48,2020/4/27,52
53033023601,15,96,119609.0,37.7,2019/4/29,99,2020/4/27,62
53033023603,13,109,110820.0,32.5,2019/4/29,85,2020/4/27,8
53033023604,18,134,84917.0,37.7,2019/4/29,117,2020/4/27,41
53033023700,10,68,125250.0,38.8,2019/4/29,117,2020/4/27,37
53033023801,13,53,109097.0,35.0,2019/4/29,78,2020/4/27,13
53033023803,16,83,118351.0,33.0,2019/4/29,46,2020/4/27,18
53033023804,14,102,121478.0,34.4,2019/4/29,746,2020/4/27,52
53033023900,20,150,165278.0,44.5,2019/4/29,177,2020/4/27,66
53033024000,14,117,146512.0,40.2,2019/4/29,422,2020/4/27,68
53033024200,9,45,212763.0,46.8,2019/4/29,72,2020/4/27,31
53033024300,27,131,109523.0,46.2,2019/4/29,126,2020/4/27,67
53033024400,9,54,97042.0,38.7,2019/4/29,32,2020/4/27,44
53033024500,8,70,202308.0,46.0,2019/4/29,92,2020/4/27,24
53033024601,10,61,224167.0,48.0,2019/4/29,87,2020/4/27,43
53033024602,14,52,229537.0,46.0,2019/4/29,99,2020/4/27,30
53033024701,4,55,91226.0,39.9,2019/4/29,117,2020/4/27,36
53033024702,14,156,136016.0,44.7,2019/4/29,122,2020/4/27,49
53033024800,16,113,93950.0,36.8,2019/4/29,120,2020/4/27,40
53033024901,6,44,161719.0,46.2,2019/4/29,342,2020/4/27,61
53033024902,7,57,166932.0,42.2,2019/4/29,101,2020/4/27,39
53033024903,8,68,185273.0,44.8,2019/4/29,179,2020/4/27,85
53033025001,9,61,132292.0,39.0,2019/4/29,111,2020/4/27,51
53033025003,8,95,165811.0,40.1,2019/4/29,146,2020/4/27,50
53033025005,6,66,124167.0,39.7,2019/4/29,174,2020/4/27,75
53033025006,11,69,155043.0,38.5,2019/4/29,106,2020/4/27,61
53033025101,21,181,86488.0,35.6,2019/4/29,121,2020/4/27,43
53033025102,16,227,103606.0,36.2,2019/4/29,143,2020/4/27,66
53033025200,33,283,96500.0,37.4,2019/4/29,128,2020/4/27,46
53033025301,16,235,82438.0,37.3,2019/4/29,104,2020/4/27,49
53033025302,22,171,54577.0,42.0,2019/4/29,61,2020/4/27,32
53033025400,36,321,62727.0,34.3,2019/4/29,106,2020/4/27,53
53033025500,28,228,69688.0,35.1,2019/4/29,76,2020/4/27,28
53033025601,12,151,74902.0,38.0,2019/4/29,81,2020/4/27,20
53033025602,9,125,121008.0,40.9,2019/4/29,116,2020/4/27,59
53033025701,37,217,67759.0,33.2,2019/4/29,52,2020/4/27,40
53033025702,16,98,102048.0,40.4,2019/4/29,39,2020/4/27,12
53033025803,25,216,65451.0,31.4,2019/4/29,16,2020/4/27,24
53033025804,20,119,85926.0,38.5,2019/4/29,47,2020/4/27,21
53033025805,15,174,68302.0,35.5,2019/4/29,44,2020/4/27,20
53033025806,17,205,96089.0,34.7,2019/4/29,124,2020/4/27,44
53033026001,13,138,102586.0,45.0,2019/4/29,67,2020/4/27,4
53033026002,69,328,60471.0,32.8,2019/4/29,64,2020/4/27,19
53033026100,48,349,50888.0,33.6,2019/4/29,84,2020/4/27,32
53033026200,22,310,60000.0,36.4,2019/4/29,118,2020/4/27,54
53033026300,11,82,69107.0,40.1,2019/4/29,24,2020/4/27,12
53033026400,39,263,57965.0,36.3,2019/4/29,111,2020/4/27,30
53033026500,24,285,39341.0,33.8,2019/4/29,54,2020/4/27,20
53033026600,17,101,86776.0,38.8,2019/4/29,33,2020/4/27,17
53033026700,16,216,101250.0,37.0,2019/4/29,98,2020/4/27,44
53033026801,33,322,55761.0,34.8,2019/4/29,115,2020/4/27,36
53033026802,41,332,56000.0,37.5,2019/4/29,105,2020/4/27,39
53033027000,21,144,60263.0,40.6,2019/4/29,78,2020/4/27,29
53033027100,12,180,46205.0,35.4,2019/4/29,84,2020/4/27,16
53033027200,15,161,57500.0,35.1,2019/4/29,34,2020/4/27,8
53033027300,20,351,60804.0,34.8,2019/4/29,108,2020/4/27,54
53033027400,26,294,74714.0,39.5,2019/4/29,114,2020/4/27,42
53033027500,22,225,64640.0,39.9,2019/4/29,53,2020/4/27,49
53033027600,19,181,78769.0,37.5,2019/4/29,103,2020/4/27,41
53033027701,0,23,70726.0,51.6,2019/4/29,50,2020/4/27,8
53033027702,4,50,93641.0,56.2,2019/4/29,75,2020/4/27,30
53033027800,5,57,102250.0,55.2,2019/4/29,32,2020/4/27,16
53033027900,29,247,65023.0,37.9,2019/4/29,126,2020/4/27,41
53033028000,16,182,51859.0,33.6,2019/4/29,95,2020/4/27,38
53033028100,17,216,62165.0,32.7,2019/4/29,41,2020/4/27,12
53033028200,35,299,64196.0,32.4,2019/4/29,55,2020/4/27,24
53033028300,26,264,91083.0,38.3,2019/4/29,107,2020/4/27,24
53033028402,20,289,51442.0,33.5,2019/4/29,97,2020/4/27,58
53033028403,24,304,54093.0,41.7,2019/4/29,55,2020/4/27,17
53033028500,26,144,71488.0,34.5,2019/4/29,58,2020/4/27,28
53033028600,12,124,83780.0,50.8,2019/4/29,100,2020/4/27,52
53033028700,11,123,98301.0,42.0,2019/4/29,110,2020/4/27,50
53033028801,5,139,66822.0,40.3,2019/4/29,28,2020/4/27,28
53033028802,37,339,61885.0,30.7,2019/4/29,102,2020/4/27,28
53033028901,13,121,73551.0,48.5,2019/4/29,72,2020/4/27,33
53033028902,34,390,54041.0,30.9,2019/4/29,143,2020/4/27,76
53033029001,21,167,76930.0,47.7,2019/4/29,143,2020/4/27,41
53033029003,22,292,50942.0,39.9,2019/4/29,68,2020/4/27,40
53033029004,28,260,43493.0,28.6,2019/4/29,70,2020/4/27,26
53033029101,12,122,70625.0,37.4,2019/4/29,64,2020/4/27,13
53033029102,10,203,93053.0,38.8,2019/4/29,94,2020/4/27,33
53033029203,14,176,57852.0,33.4,2019/4/29,74,2020/4/27,12
53033029204,23,315,74097.0,27.7,2019/4/29,107,2020/4/27,45
53033029205,13,207,74044.0,36.3,2019/4/29,91,2020/4/27,41
53033029206,14,215,34857.0,30.8,2019/4/29,118,2020/4/27,46
53033029303,31,244,75391.0,40.1,2019/4/29,65,2020/4/27,27
53033029304,6,145,92886.0,40.6,2019/4/29,57,2020/4/27,20
53033029305,24,176,105579.0,40.4,2019/4/29,58,2020/4/27,20
53033029306,9,121,103056.0,41.7,2019/4/29,16,2020/4/27,8
53033029307,10,114,100764.0,39.8,2019/4/29,47,2020/4/27,27
53033029403,13,258,83088.0,33.9,2019/4/29,79,2020/4/27,13
53033029405,11,213,86250.0,39.3,2019/4/29,93,2020/4/27,32
53033029406,17,171,105995.0,37.6,2019/4/29,60,2020/4/27,29
53033029407,60,334,51760.0,31.5,2019/4/29,94,2020/4/27,37
53033029408,16,212,56397.0,36.3,2019/4/29,85,2020/4/27,12
53033029502,31,316,98750.0,35.6,2019/4/29,108,2020/4/27,20
53033029503,40,447,52732.0,31.5,2019/4/29,147,2020/4/27,62
53033029504,29,317,45694.0,32.4,2019/4/29,76,2020/4/27,8
53033029601,44,421,74971.0,33.6,2019/4/29,96,2020/4/27,56
53033029602,20,286,129598.0,39.1,2019/4/29,159,2020/4/27,36
53033029700,24,426,49814.0,38.0,2019/4/29,135,2020/4/27,49
53033029801,32,391,72228.0,32.8,2019/4/29,103,2020/4/27,56
53033029802,31,408,93624.0,37.6,2019/4/29,105,2020/4/27,42
53033029901,14,257,93141.0,35.2,2019/4/29,52,2020/4/27,24
53033029902,13,201,107286.0,44.2,2019/4/29,70,2020/4/27,29
53033030003,21,327,71973.0,37.5,2019/4/29,49,2020/4/27,25
53033030004,36,526,56250.0,28.1,2019/4/29,124,2020/4/27,53
53033030005,33,417,68137.0,31.7,2019/4/29,101,2020/4/27,44
53033030006,36,213,48460.0,39.8,2019/4/29,148,2020/4/27,41
53033030100,15,226,88576.0,42.4,2019/4/29,89,2020/4/27,36
53033030201,11,218,71719.0,37.8,2019/4/29,103,2020/4/27,24
53033030202,44,502,65270.0,34.5,2019/4/29,132,2020/4/27,46
53033030304,16,194,71944.0,35.2,2019/4/29,81,2020/4/27,24
53033030305,12,201,65269.0,44.3,2019/4/29,68,2020/4/27,34
53033030306,15,211,92026.0,38.8,2019/4/29,73,2020/4/27,32
53033030308,12,271,76357.0,32.8,2019/4/29,77,2020/4/27,37
53033030309,19,226,65058.0,36.0,2019/4/29,90,2020/4/27,28
53033030310,17,255,89559.0,35.3,2019/4/29,72,2020/4/27,21
53033030311,18,282,85833.0,35.9,2019/4/29,149,2020/4/27,37
53033030312,16,245,66458.0,33.2,2019/4/29,102,2020/4/27,19
53033030313,12,253,49291.0,36.3,2019/4/29,54,2020/4/27,8
53033030314,8,147,39947.0,47.2,2019/4/29,51,2020/4/27,22
53033030401,28,416,80662.0,38.2,2019/4/29,171,2020/4/27,56
53033030403,19,161,81935.0,46.8,2019/4/29,61,2020/4/27,24
53033030404,17,162,97794.0,40.7,2019/4/29,57,2020/4/27,36
53033030501,8,170,31962.0,49.1,2019/4/29,56,2020/4/27,44
53033030503,23,351,57726.0,38.4,2019/4/29,119,2020/4/27,62
53033030504,25,233,62147.0,35.5,2019/4/29,99,2020/4/27,41
53033030600,18,318,63685.0,38.6,2019/4/29,114,2020/4/27,32
53033030700,18,246,54868.0,37.5,2019/4/29,71,2020/4/27,20
53033030801,51,706,53906.0,31.5,2019/4/29,95,2020/4/27,36
53033030802,17,257,55656.0,36.3,2019/4/29,70,2020/4/27,23
53033030901,24,157,82279.0,31.5,2019/4/29,103,2020/4/27,24
53033030902,25,322,57335.0,30.0,2019/4/29,139,2020/4/27,74
53033031000,9,147,122019.0,37.5,2019/4/29,118,2020/4/27,19
53033031100,23,374,65172.0,38.0,2019/4/29,138,2020/4/27,81
53033031202,14,212,97454.0,42.3,2019/4/29,81,2020/4/27,28
53033031204,7,148,106422.0,47.7,2019/4/29,74,2020/4/27,20
53033031205,30,454,71396.0,28.5,2019/4/29,161,2020/4/27,54
53033031206,34,199,77417.0,27.7,2019/4/29,56,2020/4/27,20
53033031301,4,79,78250.0,46.0,2019/4/29,36,2020/4/27,8
53033031302,8,103,53835.0,36.8,2019/4/29,88,2020/4/27,17
53033031400,56,250,77083.0,42.2,2019/4/29,88,2020/4/27,46
53033031501,10,74,87649.0,41.8,2019/4/29,51,2020/4/27,16
53033031502,8,94,83750.0,47.1,2019/4/29,44,2020/4/27,17
53033031601,13,108,108194.0,41.4,2019/4/29,63,2020/4/27,16
53033031603,10,141,117900.0,37.1,2019/4/29,86,2020/4/27,37
53033031604,13,109,101008.0,33.9,2019/4/29,127,2020/4/27,44
53033031605,4,79,111464.0,42.6,2019/4/29,48,2020/4/27,18
53033031703,27,248,96810.0,46.9,2019/4/29,80,2020/4/27,60
53033031704,13,323,101367.0,35.7,2019/4/29,99,2020/4/27,46
53033031706,24,212,98919.0,37.1,2019/4/29,136,2020/4/27,40
53033031800,14,127,114625.0,48.9,2019/4/29,83,2020/4/27,12
53033031903,14,168,118435.0,41.8,2019/4/29,110,2020/4/27,31
53033031904,6,78,106438.0,43.8,2019/4/29,54,2020/4/27,12
53033031906,7,88,109728.0,45.5,2019/4/29,65,2020/4/27,15
53033031907,24,159,95595.0,37.4,2019/4/29,162,2020/4/27,37
53033031908,9,91,80122.0,35.9,2019/4/29,36,2020/4/27,12
53033031909,5,79,110190.0,42.0,2019/4/29,52,2020/4/27,21
53033032002,3,58,94875.0,43.4,2019/4/29,44,2020/4/27,16
53033032003,9,128,116052.0,42.2,2019/4/29,65,2020/4/27,36
53033032005,18,224,100855.0,40.3,2019/4/29,62,2020/4/27,61
53033032006,19,104,102308.0,41.3,2019/4/29,53,2020/4/27,4
53033032007,3,71,108438.0,41.9,2019/4/29,76,2020/4/27,21
53033032010,9,149,119881.0,36.6,2019/4/29,119,2020/4/27,42
53033032011,12,105,112267.0,36.2,2019/4/29,104,2020/4/27,51
53033032102,3,59,125095.0,44.5,2019/4/29,84,2020/4/27,20
53033032103,12,86,86574.0,36.2,2019/4/29,80,2020/4/27,40
53033032104,94,217,103110.0,44.4,2019/4/29,84,2020/4/27,75
53033032203,11,94,178516.0,38.8,2019/4/29,225,2020/4/27,22
53033032207,10,61,165341.0,42.1,2019/4/29,94,2020/4/27,16
53033032208,18,225,122330.0,43.3,2019/4/29,153,2020/4/27,29
53033032210,27,158,133169.0,35.0,2019/4/29,446,2020/4/27,146
53033032211,3,69,154741.0,39.1,2019/4/29,843,2020/4/27,34
53033032212,5,94,145457.0,36.5,2019/4/29,159,2020/4/27,50
53033032213,8,70,179250.0,43.6,2019/4/29,108,2020/4/27,26
53033032214,5,67,182120.0,38.3,2019/4/29,179,2020/4/27,66
53033032215,4,74,230043.0,39.6,2019/4/29,120,2020/4/27,72
53033032307,9,87,151134.0,42.0,2019/4/29,97,2020/4/27,58
53033032309,51,158,124351.0,30.9,2019/4/29,173,2020/4/27,66
53033032311,6,61,141375.0,45.6,2019/4/29,107,2020/4/27,36
53033032313,7,66,123179.0,34.1,2019/4/29,119,2020/4/27,42
53033032315,12,63,165075.0,47.0,2019/4/29,136,2020/4/27,16
53033032316,4,72,174861.0,41.7,2019/4/29,169,2020/4/27,24
53033032317,2,70,186250.0,39.1,2019/4/29,814,2020/4/27,37
53033032318,2,57,199896.0,37.0,2019/4/29,156,2020/4/27,34
53033032319,16,109,78119.0,35.7,2019/4/29,90,2020/4/27,25
53033032320,7,72,171033.0,45.8,2019/4/29,87,2020/4/27,20
53033032321,7,54,211563.0,40.9,2019/4/29,148,2020/4/27,32
53033032322,4,22,190625.0,44.1,2019/4/29,42,2020/4/27,4
53033032323,20,111,159290.0,39.4,2019/4/29,158,2020/4/27,39
53033032324,15,85,127083.0,34.8,2019/4/29,139,2020/4/27,28
53033032325,14,100,113836.0,34.1,2019/4/29,89,2020/4/27,33
53033032326,7,94,206250.0,47.1,2019/4/29,38,2020/4/27,8
53033032327,9,64,109500.0,65.7,2019/4/29,49,2020/4/27,15
53033032329,11,77,151125.0,36.7,2019/4/29,164,2020/4/27,20
53033032401,3,69,126053.0,38.8,2019/4/29,131,2020/4/27,40
53033032402,9,94,143388.0,40.0,2019/4/29,148,2020/4/27,38
53033032500,3,65,124219.0,43.6,2019/4/29,130,2020/4/27,54
53033032601,5,52,106891.0,42.6,2019/4/29,68,2020/4/27,12
53033032602,20,253,150632.0,35.7,2019/4/29,549,2020/4/27,262
53033032702,9,109,110972.0,40.4,2019/4/29,148,2020/4/27,41
53033032703,1,25,104964.0,37.4,2019/4/29,32,2020/4/27,21
53033032704,4,164,110550.0,39.9,2019/4/29,130,2020/4/27,71
53033032800,5,34,99038.0,47.4,2019/4/29,65,2020/4/27,32
